<?xml version="1.0" ?>
<LOG_ROOT>
	<PROJECT NAME="experiment4a">
		<CBX_INST_ENTRY INSTANCE_NAME="|experiment4a|M1_Controller:M1_Unit|lpm_mult:Mult0" CBX_FILE_NAME="mult_t1t.tdf"/>
		<CBX_INST_ENTRY INSTANCE_NAME="|experiment4a|M1_Controller:M1_Unit|lpm_mult:Mult2" CBX_FILE_NAME="mult_r1t.tdf"/>
		<CBX_INST_ENTRY INSTANCE_NAME="|experiment4a|M1_Controller:M1_Unit|lpm_mult:Mult1" CBX_FILE_NAME="mult_p1t.tdf"/>
		<CBX_INST_ENTRY INSTANCE_NAME="|experiment4a|M2_Controller:M2_Unit|dual_port_RAM0:RAM0|altsyncram:altsyncram_component" CBX_FILE_NAME="altsyncram_tq92.tdf"/>
		<CBX_INST_ENTRY INSTANCE_NAME="|experiment4a|M2_Controller:M2_Unit|dual_port_RAM1:RAM1|altsyncram:altsyncram_component" CBX_FILE_NAME="altsyncram_lq92.tdf"/>
		<CBX_INST_ENTRY INSTANCE_NAME="|experiment4a|M2_Controller:M2_Unit|dual_port_RAM2:RAM2|altsyncram:altsyncram_component" CBX_FILE_NAME="altsyncram_vq92.tdf"/>
	</PROJECT>
</LOG_ROOT>
